Player Name,Club,Nationality,Position,Appearances,Minutes,Goals,Assists,Shots,Shots On Target,Conversion %,Big Chances Missed,Hit Woodwork,Offsides,Touches,Passes,Successful Passes,Passes%,Crosses,Successful Crosses,Crosses %,fThird Passes,Successful fThird Passes,fThird Passes %,Through Balls,Carries,Progressive Carries,Carries Ended with Goal,Carries Ended with Assist,Carries Ended with Shot,Carries Ended with Chance,Possession Won,Dispossessed,Clean Sheets,Clearances,Interceptions,Blocks,Tackles,Ground Duels,gDuels Won,gDuels %,Aerial Duels,aDuels Won,aDuels %,Goals Conceded,xGoT Conceded,Own Goals,Fouls,Yellow Cards,Red Cards,Saves,Saves %,Penalties Saved,Clearances Off Line,Punches,High Claims,Goals Prevented,Age,Starts,xG,xAG,Penalty Goals
David Raya Martín,Arsenal,,GKP,2,180,0,0,,,,,,,,,,,,,,,,,,,,,,,,,,2,,,,0,,,,,,,0,,0,,0,0,1,,0,,,,,30,2,0.00,0.00,
Gabriel dos Santos Magalhães,Arsenal,,DEF,2,180,0,0,,,,,,,,,,,,,,,,,,,,,,,,,,2,,,,2,,,,,,,0,,0,,1,0,0,,0,,,,,28,2,0.18,0.03,
Myles Lewis-Skelly,Arsenal,,MID,2,160,0,0,,,,,,,,,,,,,,,,,,,,,,,,,,2,,,,1,,,,,,,0,,0,,0,0,0,,0,,,,,19,2,0.13,0.13,
Riccardo Calafiori,Arsenal,,DEF,2,170,0,2,,,,,,,,,,,,,,,,,,,,,,,,,,2,,,,2,,,,,,,0,,0,,0,0,0,,0,,,,,24,2,0.15,0.55,
Piero Hincapié,Arsenal,,DEF,0,9,0,0,,,,,,,,,,,,,,,,,,,,,,,,,,0,,,,0,,,,,,,0,,0,,0,0,0,,0,,,,,24,0,0.00,0.00,
Benjamin White,Arsenal,,DEF,2,180,0,1,,,,,,,,,,,,,,,,,,,,,,,,,,2,,,,2,,,,,,,0,,0,,0,0,0,,0,,,,,28,2,0.18,0.26,
Cristhian Mosquera,Arsenal,,DEF,2,168,0,0,,,,,,,,,,,,,,,,,,,,,,,,,,2,,,,0,,,,,,,0,,0,,0,0,0,,0,,,,,22,2,0.00,0.01,
Bukayo Saka,Arsenal,,MID,2,157,2,0,,,,,,,,,,,,,,,,,,,,,,,,,,2,,,,3,,,,,,,0,,0,,0,0,0,,0,,,,,25,2,1.27,0.12,
Declan Rice,Arsenal,,MID,2,151,0,0,,,,,,,,,,,,,,,,,,,,,,,,,,2,,,,3,,,,,,,0,,0,,0,0,0,,0,,,,,27,2,0.07,0.18,
Eberechi Eze,Arsenal,,MID,0,59,0,0,,,,,,,,,,,,,,,,,,,,,,,,,,0,,,,0,,,,,,,0,,0,,0,0,0,,0,,,,,28,0,0.04,0.07,
Martin Ødegaard,Arsenal,,MID,2,145,1,0,,,,,,,,,,,,,,,,,,,,,,,,,,2,,,,5,,,,,,,0,,0,,0,0,0,,0,,,,,27,2,0.29,0.17,
Noni Madueke,Arsenal,,MID,0,22,0,0,,,,,,,,,,,,,,,,,,,,,,,,,,0,,,,0,,,,,,,0,,0,,0,0,0,,0,,,,,24,0,0.00,0.04,
Mikel Merino Zazón,Arsenal,,MID,0,33,0,0,,,,,,,,,,,,,,,,,,,,,,,,,,0,,,,0,,,,,,,0,,0,,0,0,0,,0,,,,,30,0,0.14,0.02,
Martín Zubimendi Ibáñez,Arsenal,,MID,0,27,0,0,,,,,,,,,,,,,,,,,,,,,,,,,,0,,,,3,,,,,,,0,,0,,0,0,0,,0,,,,,27,0,0.00,0.02,
Kai Havertz,Arsenal,,FWD,2,180,1,0,,,,,,,,,,,,,,,,,,,,,,,,,,2,,,,0,,,,,,,0,,0,,0,0,0,,0,,,,,27,2,0.28,0.06,
Ezri Konsa Ngoyo,Arsenal,,DEF,0,11,0,0,,,,,,,,,,,,,,,,,,,,,,,,,,0,,,,0,,,,,,,0,,0,,0,0,0,,0,,,,,28,0,0.00,0.00,
Bruno Guimarães Rodriguez Moura,Arsenal,,MID,0,19,0,0,,,,,,,,,,,,,,,,,,,,,,,,,,0,,,,0,,,,,,,0,,0,,0,0,0,,0,,,,,28,0,0.00,0.01,
Christos Tzolis,Arsenal,,MID,2,120,0,1,,,,,,,,,,,,,,,,,,,,,,,,,,1,,,,1,,,,,,,0,,0,,1,0,0,,0,,,,,24,2,0.19,0.15,
Marco Bizot,Aston Villa,,GKP,1,90,0,0,,,,,,,,,,,,,,,,,,,,,,,,,,0,,,,0,,,,,,,4,,0,,0,0,3,,0,,,,,35,1,0.00,0.00,
Matty Cash,Aston Villa,,DEF,2,167,0,0,,,,,,,,,,,,,,,,,,,,,,,,,,0,,,,6,,,,,,,5,,0,,1,0,0,,0,,,,,29,2,0.15,0.01,
Tyrone Mings,Aston Villa,,DEF,0,16,0,0,,,,,,,,,,,,,,,,,,,,,,,,,,0,,,,1,,,,,,,0,,0,,0,0,0,,0,,,,,33,0,0.00,0.00,
Pau Torres,Aston Villa,,DEF,2,163,0,0,,,,,,,,,,,,,,,,,,,,,,,,,,0,,,,1,,,,,,,5,,0,,0,0,0,,0,,,,,29,2,0.00,0.01,
Lamare Bogarde,Aston Villa,,MID,0,16,0,0,,,,,,,,,,,,,,,,,,,,,,,,,,0,,,,0,,,,,,,0,,0,,0,0,0,,0,,,,,22,0,0.00,0.00,
Ian Maatsen,Aston Villa,,DEF,2,171,0,0,,,,,,,,,,,,,,,,,,,,,,,,,,0,,,,5,,,,,,,5,,0,,1,0,0,,0,,,,,24,2,0.10,0.00,
Victor Lindelöf,Aston Villa,,DEF,2,180,0,0,,,,,,,,,,,,,,,,,,,,,,,,,,0,,,,1,,,,,,,5,,1,,0,0,0,,0,,,,,32,2,0.00,0.08,
Emiliano Buendía Stati,Aston Villa,,MID,2,175,0,0,,,,,,,,,,,,,,,,,,,,,,,,,,0,,,,2,,,,,,,5,,0,,0,0,0,,0,,,,,29,2,0.17,0.11,
John McGinn,Aston Villa,,MID,2,171,0,0,,,,,,,,,,,,,,,,,,,,,,,,,,0,,,,2,,,,,,,5,,0,,2,0,0,,0,,,,,31,2,0.09,0.06,
Ross Barkley,Aston Villa,,MID,2,150,0,0,,,,,,,,,,,,,,,,,,,,,,,,,,0,,,,3,,,,,,,5,,0,,0,0,0,,0,,,,,32,2,0.13,0.04,
Boubacar Kamara,Aston Villa,,MID,2,180,0,0,,,,,,,,,,,,,,,,,,,,,,,,,,0,,,,3,,,,,,,5,,0,,0,0,0,,0,,,,,26,2,0.00,0.03,
George Hemmings,Aston Villa,,MID,2,160,0,0,,,,,,,,,,,,,,,,,,,,,,,,,,0,,,,5,,,,,,,5,,0,,0,0,0,,0,,,,,19,2,0.00,0.01,
Alysson Edward Franco da Rocha dos Santos,Aston Villa,,MID,0,27,0,0,,,,,,,,,,,,,,,,,,,,,,,,,,0,,,,2,,,,,,,0,,0,,1,0,0,,0,,,,,20,0,0.00,0.00,
Joao Gomes,Aston Villa,,MID,1,39,0,0,,,,,,,,,,,,,,,,,,,,,,,,,,0,,,,4,,,,,,,4,,0,,0,1,0,,0,,,,,25,1,0.00,0.01,
Tammy Abraham,Aston Villa,,FWD,0,19,0,0,,,,,,,,,,,,,,,,,,,,,,,,,,0,,,,0,,,,,,,0,,0,,0,0,0,,0,,,,,28,0,0.00,0.00,
Alejandro Garnacho Ferreyra,Aston Villa,,MID,0,16,0,0,,,,,,,,,,,,,,,,,,,,,,,,,,0,,,,0,,,,,,,0,,0,,0,0,0,,0,,,,,22,0,0.00,0.00,
Nicolas Jackson,Aston Villa,,FWD,1,70,0,0,,,,,,,,,,,,,,,,,,,,,,,,,,0,,,,0,,,,,,,1,,0,,0,0,0,,0,,,,,25,1,0.00,0.10,
Matteo Ruggeri,Aston Villa,,DEF,0,8,0,0,,,,,,,,,,,,,,,,,,,,,,,,,,0,,,,2,,,,,,,0,,0,,0,0,0,,0,,,,,24,0,0.00,0.00,
Zion Suzuki,Aston Villa,,GKP,1,90,0,0,,,,,,,,,,,,,,,,,,,,,,,,,,0,,,,0,,,,,,,1,,0,,0,0,1,,0,,,,,24,1,0.00,0.00,
Aaron Wan-Bissaka,Aston Villa,,DEF,0,12,0,0,,,,,,,,,,,,,,,,,,,,,,,,,,0,,,,2,,,,,,,0,,0,,0,0,0,,0,,,,,28,0,0.00,0.00,
Đorđe Petrović,Bournemouth,,GKP,3,270,0,0,,,,,,,,,,,,,,,,,,,,,,,,,,0,,,,0,,,,,,,5,,0,,0,0,9,,0,,,,,26,3,0.00,0.00,
James Hill,Bournemouth,,DEF,3,270,0,0,,,,,,,,,,,,,,,,,,,,,,,,,,0,,,,4,,,,,,,5,,0,,0,0,0,,0,,,,,24,3,0.00,0.76,
Adrien Truffert,Bournemouth,,DEF,3,270,0,0,,,,,,,,,,,,,,,,,,,,,,,,,,0,,,,7,,,,,,,5,,0,,1,0,0,,0,,,,,24,3,0.01,0.13,
Adam Smith,Bournemouth,,DEF,3,270,0,0,,,,,,,,,,,,,,,,,,,,,,,,,,0,,,,4,,,,,,,5,,0,,2,0,0,,0,,,,,35,3,0.01,0.06,
Rayan Vitor Simplício Rocha,Bournemouth,,MID,3,267,0,0,,,,,,,,,,,,,,,,,,,,,,,,,,0,,,,2,,,,,,,4,,0,,0,0,0,,0,,,,,20,3,0.48,0.06,
Marcus Tavernier,Bournemouth,,MID,3,268,2,0,,,,,,,,,,,,,,,,,,,,,,,,,,0,,,,7,,,,,,,5,,0,,1,0,0,,0,,,,,27,3,1.50,0.34,
Alex Scott,Bournemouth,,MID,3,266,1,2,,,,,,,,,,,,,,,,,,,,,,,,,,1,,,,7,,,,,,,4,,0,,1,0,0,,0,,,,,23,3,0.32,0.30,
Justin Kluivert,Bournemouth,,MID,3,229,0,0,,,,,,,,,,,,,,,,,,,,,,,,,,2,,,,4,,,,,,,1,,0,,1,0,0,,0,,,,,27,3,0.77,0.06,
Lewis Cook,Bournemouth,,MID,2,157,0,0,,,,,,,,,,,,,,,,,,,,,,,,,,2,,,,1,,,,,,,1,,0,,0,0,0,,0,,,,,29,2,0.00,0.01,
Ben Gannon-Doak,Bournemouth,,MID,0,2,0,0,,,,,,,,,,,,,,,,,,,,,,,,,,0,,,,1,,,,,,,1,,0,,0,0,0,,0,,,,,20,0,0.03,0.00,
Tyler Adams,Bournemouth,,MID,1,111,0,0,,,,,,,,,,,,,,,,,,,,,,,,,,0,,,,3,,,,,,,4,,0,,0,0,0,,0,,,,,27,1,0.00,0.01,
David Brooks,Bournemouth,,MID,0,23,0,0,,,,,,,,,,,,,,,,,,,,,,,,,,0,,,,0,,,,,,,2,,0,,0,0,0,,0,,,,,29,0,0.00,0.01,
Ryan Christie,Bournemouth,,MID,0,4,0,0,,,,,,,,,,,,,,,,,,,,,,,,,,0,,,,1,,,,,,,1,,0,,0,0,0,,0,,,,,31,0,0.00,0.00,
Alex Tóth,Bournemouth,,MID,0,15,0,0,,,,,,,,,,,,,,,,,,,,,,,,,,0,,,,1,,,,,,,2,,0,,0,0,0,,0,,,,,20,0,0.00,0.00,
Francisco Evanilson de Lima Barbosa,Bournemouth,,FWD,3,244,0,2,,,,,,,,,,,,,,,,,,,,,,,,,,2,,,,1,,,,,,,2,,0,,1,0,0,,0,,,,,26,3,0.86,0.26,
Álvaro Rodríguez,Bournemouth,,FWD,0,9,0,0,,,,,,,,,,,,,,,,,,,,,,,,,,0,,,,0,,,,,,,1,,0,,0,0,0,,0,,,,,22,0,0.00,0.00,
António João Pereira de Albuquerque Tavares da Silva,Bournemouth,,DEF,3,270,0,0,,,,,,,,,,,,,,,,,,,,,,,,,,0,,,,3,,,,,,,5,,0,,1,0,0,,0,,,,,22,3,0.27,0.04,
Daniel Jebbison,Bournemouth,,FWD,0,16,0,0,,,,,,,,,,,,,,,,,,,,,,,,,,0,,,,0,,,,,,,2,,0,,0,0,0,,0,,,,,23,0,0.10,0.00,
Caoimhín Kelleher,Brentford,,GKP,3,258,0,0,,,,,,,,,,,,,,,,,,,,,,,,,,2,,,,0,,,,,,,1,,0,,0,0,6,,0,,,,,27,3,0.00,0.01,
Nathan Collins,Brentford,,DEF,3,196,0,0,,,,,,,,,,,,,,,,,,,,,,,,,,1,,,,2,,,,,,,1,,0,,1,0,0,,0,,,,,25,3,0.51,0.05,
Keane Lewis-Potter,Brentford,,MID,3,255,1,1,,,,,,,,,,,,,,,,,,,,,,,,,,2,,,,4,,,,,,,1,,0,,0,0,0,,0,,,,,25,3,1.09,0.76,
Kristoffer Ajer,Brentford,,DEF,3,258,0,0,,,,,,,,,,,,,,,,,,,,,,,,,,2,,,,2,,,,,,,1,,0,,1,0,0,,0,,,,,28,3,0.11,0.03,
Michael Kayode,Brentford,,DEF,3,207,1,0,,,,,,,,,,,,,,,,,,,,,,,,,,1,,,,1,,,,,,,1,,0,,0,0,0,,0,,,,,22,3,0.55,0.21,
Rico Henry,Brentford,,DEF,0,2,0,0,,,,,,,,,,,,,,,,,,,,,,,,,,0,,,,0,,,,,,,0,,0,,0,0,0,,0,,,,,29,0,0.00,0.00,
Aaron Hickey,Brentford,,DEF,0,49,0,0,,,,,,,,,,,,,,,,,,,,,,,,,,0,,,,1,,,,,,,0,,0,,0,0,0,,0,,,,,24,0,0.00,0.02,
Jannik Schuster,Brentford,,DEF,0,61,0,0,,,,,,,,,,,,,,,,,,,,,,,,,,1,,,,0,,,,,,,0,,0,,0,0,0,,0,,,,,20,0,0.00,0.01,
Kevin Schade,Brentford,,MID,3,255,1,0,,,,,,,,,,,,,,,,,,,,,,,,,,2,,,,5,,,,,,,1,,0,,0,0,0,,0,,,,,24,3,0.77,0.11,
Dango Ouattara,Brentford,,MID,2,140,0,0,,,,,,,,,,,,,,,,,,,,,,,,,,1,,,,2,,,,,,,1,,0,,0,0,0,,0,,,,,24,2,0.07,0.38,
Mikkel Damsgaard,Brentford,,MID,2,160,0,1,,,,,,,,,,,,,,,,,,,,,,,,,,2,,,,3,,,,,,,0,,0,,0,0,0,,0,,,,,26,2,0.03,0.46,
Mathias Jensen,Brentford,,MID,1,66,0,1,,,,,,,,,,,,,,,,,,,,,,,,,,1,,,,2,,,,,,,0,,0,,0,0,0,,0,,,,,30,1,0.08,0.34,
Vitaly Janelt,Brentford,,MID,3,258,2,0,,,,,,,,,,,,,,,,,,,,,,,,,,2,,,,11,,,,,,,1,,0,,3,0,0,,0,,,,,28,3,0.49,0.32,
Yehor Yarmoliuk,Brentford,,MID,0,77,0,0,,,,,,,,,,,,,,,,,,,,,,,,,,0,,,,3,,,,,,,1,,0,,1,0,0,,0,,,,,22,0,0.04,0.02,
Jaidon Anthony,Brentford,,MID,1,116,0,0,,,,,,,,,,,,,,,,,,,,,,,,,,1,,,,2,,,,,,,0,,0,,1,0,0,,0,,,,,26,1,0.17,0.42,
Igor Thiago Nascimento Rodrigues,Brentford,,FWD,3,250,0,0,,,,,,,,,,,,,,,,,,,,,,,,,,2,,,,2,,,,,,,1,,0,,0,0,0,,0,,,,,25,3,2.04,0.10,
Callum Wilson,Brentford,,FWD,0,9,0,0,,,,,,,,,,,,,,,,,,,,,,,,,,0,,,,0,,,,,,,0,,0,,0,0,0,,0,,,,,34,0,0.07,0.04,
Mamadou Sangaré,Brentford,,MID,3,210,0,2,,,,,,,,,,,,,,,,,,,,,,,,,,1,,,,7,,,,,,,1,,0,,1,0,0,,0,,,,,24,3,0.40,0.37,
Bart Verbruggen,Brighton,,GKP,3,265,0,0,,,,,,,,,,,,,,,,,,,,,,,,,,1,,,,0,,,,,,,5,,0,,0,0,4,,0,,,,,24,3,0.00,0.20,
Ferdi Kadıoğlu,Brighton,,DEF,2,167,0,0,,,,,,,,,,,,,,,,,,,,,,,,,,0,,,,1,,,,,,,5,,0,,0,0,0,,0,,,,,26,2,0.12,0.02,
Olivier Boscagli,Brighton,,DEF,3,265,0,0,,,,,,,,,,,,,,,,,,,,,,,,,,1,,,,1,,,,,,,5,,0,,1,0,0,,0,,,,,28,3,0.05,0.57,
Maxim De Cuyper,Brighton,,DEF,3,243,1,2,,,,,,,,,,,,,,,,,,,,,,,,,,1,,,,4,,,,,,,5,,0,,1,0,0,,0,,,,,25,3,1.50,0.40,
Lewis Dunk,Brighton,,DEF,3,265,0,0,,,,,,,,,,,,,,,,,,,,,,,,,,1,,,,2,,,,,,,5,,0,,1,0,0,,0,,,,,34,3,0.00,0.07,
João Pedro Loureiro da Costa,Brighton,,DEF,0,43,0,0,,,,,,,,,,,,,,,,,,,,,,,,,,0,,,,1,,,,,,,0,,0,,1,0,0,,0,,,,,26,0,0.12,0.00,
Jack Hinshelwood,Brighton,,MID,1,63,2,0,,,,,,,,,,,,,,,,,,,,,,,,,,1,,,,2,,,,,,,0,,0,,0,0,0,,0,,,,,21,1,1.41,0.02,
Pascal Groß,Brighton,,MID,3,265,1,1,,,,,,,,,,,,,,,,,,,,,,,,,,1,,,,4,,,,,,,5,,0,,2,0,0,,0,,,,,35,3,0.15,0.41,
Georginio Rutter,Brighton,,FWD,1,90,0,1,,,,,,,,,,,,,,,,,,,,,,,,,,1,,,,2,,,,,,,0,,0,,0,0,0,,0,,,,,24,1,0.08,0.44,
Diego Gómez Amarilla,Brighton,,MID,3,260,0,2,,,,,,,,,,,,,,,,,,,,,,,,,,1,,,,8,,,,,,,5,,0,,0,0,0,,0,,,,,23,3,0.63,0.70,
Yasin Ayari,Brighton,,MID,2,148,0,0,,,,,,,,,,,,,,,,,,,,,,,,,,1,,,,0,,,,,,,1,,0,,1,0,0,,0,,,,,22,2,0.25,0.07,
Mats Wieffer,Brighton,,DEF,2,156,0,0,,,,,,,,,,,,,,,,,,,,,,,,,,1,,,,4,,,,,,,4,,0,,0,0,0,,0,,,,,26,2,0.12,0.13,
Zadok Yohanna,Brighton,,MID,0,12,0,0,,,,,,,,,,,,,,,,,,,,,,,,,,0,,,,0,,,,,,,0,,0,,0,0,0,,0,,,,,19,0,0.00,0.03,
Charalampos Kostoulas,Brighton,,FWD,2,190,0,1,,,,,,,,,,,,,,,,,,,,,,,,,,0,,,,2,,,,,,,5,,0,,0,0,0,,0,,,,,19,2,0.79,0.04,
Luka Vušković,Brighton,,DEF,3,265,1,0,,,,,,,,,,,,,,,,,,,,,,,,,,1,,,,3,,,,,,,5,,0,,0,0,0,,0,,,,,19,3,0.31,0.06,
Promise David,Brighton,,FWD,0,18,0,0,,,,,,,,,,,,,,,,,,,,,,,,,,0,,,,0,,,,,,,0,,0,,0,0,0,,0,,,,,25,0,0.31,0.00,
Ibrahim Osman,Brighton,,MID,0,28,0,0,,,,,,,,,,,,,,,,,,,,,,,,,,0,,,,1,,,,,,,1,,0,,0,0,0,,0,,,,,21,0,0.00,0.06,
Malick Yalcouyé,Brighton,,MID,2,162,1,0,,,,,,,,,,,,,,,,,,,,,,,,,,0,,,,3,,,,,,,4,,0,,0,0,0,,0,,,,,20,2,0.74,0.25,
Emiliano Martínez Romero,Chelsea,,GKP,1,90,0,0,,,,,,,,,,,,,,,,,,,,,,,,,,0,,,,0,,,,,,,3,,0,,0,0,4,,0,,,,,34,1,0.00,0.01,
Morgan Rogers,Chelsea,,MID,2,171,1,1,,,,,,,,,,,,,,,,,,,,,,,,,,0,,,,3,,,,,,,5,,0,,0,0,0,,0,,,,,24,2,1.10,1.11,
Robert Lynch Sánchez,Chelsea,,GKP,1,90,0,0,,,,,,,,,,,,,,,,,,,,,,,,,,0,,,,0,,,,,,,2,,0,,0,0,4,,0,,,,,28,1,0.00,0.01,
Reece James,Chelsea,,DEF,1,112,0,0,,,,,,,,,,,,,,,,,,,,,,,,,,0,,,,0,,,,,,,3,,0,,1,0,0,,0,,,,,26,1,0.10,0.07,
Malo Gusto,Chelsea,,DEF,2,165,0,0,,,,,,,,,,,,,,,,,,,,,,,,,,0,,,,2,,,,,,,5,,0,,0,0,0,,0,,,,,23,2,0.00,0.04,
Wesley Fofana,Chelsea,,DEF,1,67,0,0,,,,,,,,,,,,,,,,,,,,,,,,,,0,,,,0,,,,,,,2,,0,,1,0,0,,0,,,,,25,1,0.00,0.01,
Jorrel Hato,Chelsea,,DEF,2,154,0,1,,,,,,,,,,,,,,,,,,,,,,,,,,0,,,,4,,,,,,,5,,0,,0,0,0,,0,,,,,20,2,0.01,0.09,
Levi Samuels Colwill,Chelsea,,DEF,2,161,0,0,,,,,,,,,,,,,,,,,,,,,,,,,,0,,,,3,,,,,,,4,,0,,1,0,0,,0,,,,,23,2,0.01,0.03,
Josh Acheampong,Chelsea,,DEF,1,112,0,0,,,,,,,,,,,,,,,,,,,,,,,,,,0,,,,6,,,,,,,3,,0,,0,0,0,,0,,,,,20,1,0.00,0.01,
Cole Palmer,Chelsea,,MID,2,172,2,1,,,,,,,,,,,,,,,,,,,,,,,,,,0,,,,4,,,,,,,5,,0,,0,0,0,,0,,,,,24,2,0.94,0.32,
Pedro Lomba Neto,Chelsea,,MID,1,81,1,0,,,,,,,,,,,,,,,,,,,,,,,,,,0,,,,1,,,,,,,2,,0,,0,0,0,,0,,,,,26,1,0.44,0.40,
Estêvão Almeida de Oliveira Gonçalves,Chelsea,,MID,0,7,0,0,,,,,,,,,,,,,,,,,,,,,,,,,,0,,,,0,,,,,,,0,,0,,0,0,0,,0,,,,,19,0,0.00,0.00,
Moisés Caicedo Corozo,Chelsea,,MID,0,13,0,0,,,,,,,,,,,,,,,,,,,,,,,,,,0,,,,0,,,,,,,0,,0,,0,0,0,,0,,,,,24,0,0.00,0.00,
Roméo Lavia,Chelsea,,MID,2,131,1,0,,,,,,,,,,,,,,,,,,,,,,,,,,0,,,,4,,,,,,,4,,0,,1,0,0,,0,,,,,22,2,0.75,0.03,
Geovany Quenda,Chelsea,,MID,0,8,0,0,,,,,,,,,,,,,,,,,,,,,,,,,,0,,,,0,,,,,,,0,,0,,0,0,0,,0,,,,,19,0,0.00,0.00,
João Pedro Junqueira de Jesus,Chelsea,,FWD,2,180,2,2,,,,,,,,,,,,,,,,,,,,,,,,,,0,,,,1,,,,,,,5,,1,,0,0,0,,0,,,,,24,2,1.86,0.10,
Maxence Lacroix,Chelsea,,DEF,2,180,0,1,,,,,,,,,,,,,,,,,,,,,,,,,,0,,,,6,,,,,,,5,,0,,0,0,0,,0,,,,,26,2,0.02,0.20,
Valentín Barco,Chelsea,,MID,0,8,0,0,,,,,,,,,,,,,,,,,,,,,,,,,,0,,,,0,,,,,,,1,,0,,0,0,0,,0,,,,,22,0,0.04,0.00,
Pep Chavarría,Chelsea,,DEF,0,43,0,0,,,,,,,,,,,,,,,,,,,,,,,,,,0,,,,1,,,,,,,1,,0,,0,0,0,,0,,,,,28,0,0.00,0.02,
Ethan Pinnock,Coventry City,,DEF,1,99,0,0,,,,,,,,,,,,,,,,,,,,,,,,,,0,,,,1,,,,,,,2,,0,,0,0,0,,0,,,,,33,1,0.11,0.00,
Frank Onyeka,Coventry City,,MID,2,152,0,0,,,,,,,,,,,,,,,,,,,,,,,,,,0,,,,2,,,,,,,4,,0,,0,0,0,,0,,,,,28,2,0.00,0.01,
Carl Rushworth,Coventry City,,GKP,3,267,0,0,,,,,,,,,,,,,,,,,,,,,,,,,,0,,,,0,,,,,,,5,,0,,0,0,5,,0,,,,,25,3,0.00,0.01,
Bobby Thomas,Coventry City,,DEF,3,254,0,0,,,,,,,,,,,,,,,,,,,,,,,,,,1,,,,2,,,,,,,4,,0,,0,0,0,,0,,,,,25,3,0.20,0.18,
Milan van Ewijk,Coventry City,,DEF,3,267,0,0,,,,,,,,,,,,,,,,,,,,,,,,,,0,,,,5,,,,,,,5,,0,,1,0,0,,0,,,,,25,3,0.00,0.26,
Jay Dasilva,Coventry City,,DEF,3,264,0,0,,,,,,,,,,,,,,,,,,,,,,,,,,0,,,,4,,,,,,,5,,0,,0,0,0,,0,,,,,28,3,0.18,0.11,
Aurèle Amenda,Coventry City,,DEF,3,267,0,0,,,,,,,,,,,,,,,,,,,,,,,,,,0,,,,1,,,,,,,5,,0,,1,0,0,,0,,,,,23,3,0.02,0.41,
Jack Rudoni,Coventry City,,MID,2,152,0,0,,,,,,,,,,,,,,,,,,,,,,,,,,1,,,,3,,,,,,,1,,0,,0,0,0,,0,,,,,25,2,0.47,0.18,
Matt Grimes,Coventry City,,MID,3,267,0,0,,,,,,,,,,,,,,,,,,,,,,,,,,0,,,,5,,,,,,,5,,0,,0,0,0,,0,,,,,31,3,0.05,0.05,
Tatsuhiro Sakamoto,Coventry City,,MID,0,31,0,0,,,,,,,,,,,,,,,,,,,,,,,,,,0,,,,2,,,,,,,1,,0,,0,0,0,,0,,,,,29,0,0.02,0.02,
Ephron Mason-Clark,Coventry City,,MID,2,127,0,0,,,,,,,,,,,,,,,,,,,,,,,,,,0,,,,0,,,,,,,1,,0,,0,0,0,,0,,,,,27,2,0.00,0.06,
Victor Torp,Coventry City,,MID,0,47,0,0,,,,,,,,,,,,,,,,,,,,,,,,,,0,,,,0,,,,,,,1,,0,,0,0,0,,0,,,,,27,0,0.00,0.12,
Loum Tchaouna,Coventry City,,MID,2,163,0,0,,,,,,,,,,,,,,,,,,,,,,,,,,0,,,,1,,,,,,,3,,0,,0,0,0,,0,,,,,22,2,0.14,0.16,
Brandon Thomas-Asante,Coventry City,,FWD,1,117,0,0,,,,,,,,,,,,,,,,,,,,,,,,,,0,,,,0,,,,,,,4,,0,,0,0,0,,0,,,,,27,1,0.00,0.02,
Ellis Simms,Coventry City,,FWD,1,85,0,0,,,,,,,,,,,,,,,,,,,,,,,,,,0,,,,0,,,,,,,3,,0,,0,0,0,,0,,,,,25,1,0.28,0.01,
Taiwo Awoniyi,Coventry City,,FWD,2,180,0,0,,,,,,,,,,,,,,,,,,,,,,,,,,0,,,,0,,,,,,,2,,0,,0,0,0,,0,,,,,29,2,1.16,0.03,
Caleb Yirenkyi,Coventry City,,MID,2,155,0,0,,,,,,,,,,,,,,,,,,,,,,,,,,1,,,,0,,,,,,,3,,0,,1,0,0,,0,,,,,20,2,0.03,0.13,
Gustavo Hamer,Coventry City,,MID,0,29,0,0,,,,,,,,,,,,,,,,,,,,,,,,,,0,,,,0,,,,,,,1,,0,,0,0,0,,0,,,,,29,0,0.00,0.02,
Evann Guessand,Crystal Palace,,MID,0,54,0,0,,,,,,,,,,,,,,,,,,,,,,,,,,0,,,,1,,,,,,,1,,0,,0,0,0,,0,,,,,25,0,0.03,0.03,
Axel Disasi,Crystal Palace,,DEF,1,99,0,0,,,,,,,,,,,,,,,,,,,,,,,,,,0,,,,4,,,,,,,3,,0,,0,0,0,,0,,,,,28,1,0.00,0.04,
Dean Henderson,Crystal Palace,,GKP,3,263,0,0,,,,,,,,,,,,,,,,,,,,,,,,,,0,,,,0,,,,,,,8,,0,,0,0,11,,0,,,,,29,3,0.00,0.00,
Chris Richards,Crystal Palace,,DEF,3,263,0,0,,,,,,,,,,,,,,,,,,,,,,,,,,0,,,,5,,,,,,,8,,0,,0,0,0,,0,,,,,26,3,0.08,0.00,
Jaydee Canvot,Crystal Palace,,DEF,3,263,0,0,,,,,,,,,,,,,,,,,,,,,,,,,,0,,,,7,,,,,,,8,,0,,0,0,0,,0,,,,,20,3,0.05,0.01,
Tyrick Mitchell,Crystal Palace,,DEF,3,253,2,0,,,,,,,,,,,,,,,,,,,,,,,,,,0,,,,6,,,,,,,8,,0,,0,0,0,,0,,,,,27,3,0.42,0.18,
Chadi Riad Dnanou,Crystal Palace,,DEF,1,72,0,0,,,,,,,,,,,,,,,,,,,,,,,,,,0,,,,1,,,,,,,2,,0,,0,0,0,,0,,,,,23,1,0.00,0.01,
Oscar Mingueza,Crystal Palace,,DEF,0,15,0,0,,,,,,,,,,,,,,,,,,,,,,,,,,0,,,,1,,,,,,,1,,0,,0,0,0,,0,,,,,27,0,0.00,0.00,
Adam Wharton,Crystal Palace,,MID,3,263,0,0,,,,,,,,,,,,,,,,,,,,,,,,,,0,,,,7,,,,,,,8,,0,,0,0,0,,0,,,,,22,3,0.00,0.31,
Yéremy Pino Santos,Crystal Palace,,MID,2,185,0,2,,,,,,,,,,,,,,,,,,,,,,,,,,0,,,,5,,,,,,,5,,0,,0,0,0,,0,,,,,23,2,0.29,0.39,
Will Hughes,Crystal Palace,,MID,0,9,0,0,,,,,,,,,,,,,,,,,,,,,,,,,,0,,,,0,,,,,,,0,,0,,0,0,0,,0,,,,,31,0,0.00,0.00,
Daichi Kamada,Crystal Palace,,MID,3,263,0,1,,,,,,,,,,,,,,,,,,,,,,,,,,0,,,,9,,,,,,,8,,0,,1,0,0,,0,,,,,30,3,0.05,0.30,
Jørgen Strand Larsen,Crystal Palace,,FWD,1,127,0,0,,,,,,,,,,,,,,,,,,,,,,,,,,0,,,,1,,,,,,,3,,0,,0,0,0,,0,,,,,26,1,0.30,0.01,
Jean-Philippe Mateta,Crystal Palace,,FWD,1,62,0,0,,,,,,,,,,,,,,,,,,,,,,,,,,0,,,,2,,,,,,,2,,0,,0,0,0,,0,,,,,29,1,0.70,0.02,
Eddie Nketiah,Crystal Palace,,FWD,3,167,0,1,,,,,,,,,,,,,,,,,,,,,,,,,,0,,,,4,,,,,,,7,,0,,0,0,0,,0,,,,,27,3,1.10,0.58,
Dwight McNeil,Crystal Palace,,MID,1,84,0,0,,,,,,,,,,,,,,,,,,,,,,,,,,0,,,,0,,,,,,,3,,0,,0,0,0,,0,,,,,26,1,0.05,0.02,
Takehiro Tomiyasu,Crystal Palace,,DEF,1,91,0,0,,,,,,,,,,,,,,,,,,,,,,,,,,0,,,,1,,,,,,,3,,0,,0,0,0,,0,,,,,27,1,0.00,0.01,
Anan Khalaili,Crystal Palace,,DEF,2,192,0,0,,,,,,,,,,,,,,,,,,,,,,,,,,0,,,,16,,,,,,,5,,0,,1,0,0,,0,,,,,22,2,0.74,0.17,
Zavier Gozo,Crystal Palace,,MID,0,22,0,0,,,,,,,,,,,,,,,,,,,,,,,,,,0,,,,1,,,,,,,1,,0,,0,0,0,,0,,,,,19,0,0.00,0.00,
Ben Chilwell,Crystal Palace,,DEF,0,9,1,0,,,,,,,,,,,,,,,,,,,,,,,,,,0,,,,0,,,,,,,0,,0,,0,0,0,,0,,,,,29,0,0.09,0.00,
Quinten Timber,Crystal Palace,,MID,1,73,0,0,,,,,,,,,,,,,,,,,,,,,,,,,,0,,,,1,,,,,,,2,,0,,0,0,0,,0,,,,,25,1,0.02,0.00,
Brennan Johnson,Everton,,MID,0,34,0,0,,,,,,,,,,,,,,,,,,,,,,,,,,0,,,,1,,,,,,,0,,0,,0,0,0,,0,,,,,25,0,0.00,0.00,
Jordan Pickford,Everton,,GKP,2,180,0,0,,,,,,,,,,,,,,,,,,,,,,,,,,1,,,,0,,,,,,,1,,0,,0,0,8,,0,,,,,32,2,0.00,0.02,
James Tarkowski,Everton,,DEF,2,180,1,0,,,,,,,,,,,,,,,,,,,,,,,,,,1,,,,2,,,,,,,1,,0,,0,0,0,,0,,,,,33,2,0.15,0.01,
Jarrad Branthwaite,Everton,,DEF,2,180,0,0,,,,,,,,,,,,,,,,,,,,,,,,,,1,,,,3,,,,,,,1,,0,,0,0,0,,0,,,,,24,2,0.09,0.02,
Vitalii Mykolenko,Everton,,DEF,2,180,0,0,,,,,,,,,,,,,,,,,,,,,,,,,,1,,,,1,,,,,,,1,,0,,0,0,0,,0,,,,,27,2,0.00,0.06,
Kiernan Dewsbury-Hall,Everton,,MID,2,180,1,0,,,,,,,,,,,,,,,,,,,,,,,,,,1,,,,5,,,,,,,1,,0,,0,0,0,,0,,,,,28,2,0.18,0.33,
Jack Grealish,Everton,,MID,0,8,0,0,,,,,,,,,,,,,,,,,,,,,,,,,,0,,,,1,,,,,,,0,,0,,0,0,0,,0,,,,,30,0,0.00,0.00,
James Garner,Everton,,MID,1,72,0,0,,,,,,,,,,,,,,,,,,,,,,,,,,0,,,,4,,,,,,,1,,0,,1,0,0,,0,,,,,25,1,0.00,0.03,
Tyrique George,Everton,,MID,2,144,0,0,,,,,,,,,,,,,,,,,,,,,,,,,,1,,,,1,,,,,,,1,,0,,0,0,0,,0,,,,,20,2,0.23,0.09,
Carlos Alcaraz Durán,Everton,,MID,0,5,0,0,,,,,,,,,,,,,,,,,,,,,,,,,,0,,,,1,,,,,,,0,,0,,1,0,0,,0,,,,,23,0,0.05,0.02,
Harrison Armstrong,Everton,,MID,2,176,0,1,,,,,,,,,,,,,,,,,,,,,,,,,,1,,,,5,,,,,,,1,,0,,0,0,0,,0,,,,,19,2,0.00,0.07,
Merlin Röhl,Everton,,MID,2,175,0,0,,,,,,,,,,,,,,,,,,,,,,,,,,1,,,,5,,,,,,,1,,0,,0,0,0,,0,,,,,24,2,0.00,0.07,
Hayden Hackney,Everton,,MID,1,106,0,0,,,,,,,,,,,,,,,,,,,,,,,,,,1,,,,2,,,,,,,0,,0,,0,0,0,,0,,,,,24,1,0.01,0.02,
Norberto Bercique Gomes Betuncal,Everton,,FWD,0,31,0,0,,,,,,,,,,,,,,,,,,,,,,,,,,0,,,,0,,,,,,,0,,0,,0,0,0,,0,,,,,28,0,0.09,0.00,
Thierno Barry,Everton,,FWD,2,147,1,0,,,,,,,,,,,,,,,,,,,,,,,,,,1,,,,1,,,,,,,1,,0,,0,0,0,,0,,,,,23,2,1.93,0.09,
Bernd Leno,Fulham,,GKP,3,263,0,0,,,,,,,,,,,,,,,,,,,,,,,,,,0,,,,0,,,,,,,7,,0,,0,0,8,,0,,,,,34,3,0.00,0.00,
Joachim Andersen,Fulham,,DEF,2,173,0,0,,,,,,,,,,,,,,,,,,,,,,,,,,0,,,,2,,,,,,,4,,0,,1,0,0,,0,,,,,30,2,0.00,0.10,
Antonee Robinson,Fulham,,DEF,3,249,0,0,,,,,,,,,,,,,,,,,,,,,,,,,,0,,,,8,,,,,,,7,,0,,0,0,0,,0,,,,,29,3,0.21,0.16,
Jorge Cuenca Barreno,Fulham,,DEF,1,90,0,0,,,,,,,,,,,,,,,,,,,,,,,,,,0,,,,1,,,,,,,3,,0,,0,0,0,,0,,,,,26,1,0.00,0.03,
Calvin Bassey,Fulham,,DEF,3,263,0,0,,,,,,,,,,,,,,,,,,,,,,,,,,0,,,,3,,,,,,,7,,0,,1,0,0,,0,,,,,26,3,0.02,0.04,
Timothy Castagne,Fulham,,DEF,3,240,0,2,,,,,,,,,,,,,,,,,,,,,,,,,,1,,,,4,,,,,,,6,,0,,1,0,0,,0,,,,,30,3,0.67,0.36,
Alex Iwobi,Fulham,,MID,3,262,0,0,,,,,,,,,,,,,,,,,,,,,,,,,,0,,,,3,,,,,,,7,,0,,0,0,0,,0,,,,,30,3,0.05,0.86,
Emile Smith Rowe,Fulham,,MID,0,18,0,0,,,,,,,,,,,,,,,,,,,,,,,,,,0,,,,0,,,,,,,0,,0,,0,0,0,,0,,,,,26,0,0.06,0.02,
Kevin Santos Lopes de Macedo,Fulham,,MID,0,24,0,0,,,,,,,,,,,,,,,,,,,,,,,,,,0,,,,2,,,,,,,0,,0,,0,0,0,,0,,,,,23,0,0.00,0.05,
Oscar Bobb,Fulham,,MID,3,211,0,0,,,,,,,,,,,,,,,,,,,,,,,,,,1,,,,5,,,,,,,6,,0,,0,0,0,,0,,,,,23,3,0.26,0.81,
Sander Berge,Fulham,,MID,2,175,0,0,,,,,,,,,,,,,,,,,,,,,,,,,,0,,,,1,,,,,,,5,,0,,0,0,0,,0,,,,,28,2,0.03,0.25,
Josh King,Fulham,,MID,3,263,2,0,,,,,,,,,,,,,,,,,,,,,,,,,,0,,,,5,,,,,,,7,,0,,0,0,0,,0,,,,,19,3,1.05,0.10,
Ryan Sessegnon,Fulham,,DEF,0,43,0,0,,,,,,,,,,,,,,,,,,,,,,,,,,0,,,,1,,,,,,,1,,0,,0,0,0,,0,,,,,26,0,0.05,0.12,
Rodrigo Muniz Carvalho,Fulham,,FWD,0,9,0,0,,,,,,,,,,,,,,,,,,,,,,,,,,0,,,,0,,,,,,,0,,0,,0,0,0,,0,,,,,25,0,0.02,0.00,
Gonzalo García,Fulham,,FWD,3,263,1,0,,,,,,,,,,,,,,,,,,,,,,,,,,0,,,,2,,,,,,,7,,0,,0,0,0,,0,,,,,22,3,1.43,0.15,
César Palacios,Fulham,,MID,3,208,1,0,,,,,,,,,,,,,,,,,,,,,,,,,,0,,,,2,,,,,,,6,,0,,1,0,0,,0,,,,,21,3,1.00,0.03,
Shea Charles,Fulham,,MID,1,123,0,0,,,,,,,,,,,,,,,,,,,,,,,,,,0,,,,2,,,,,,,4,,0,,0,0,0,,0,,,,,22,1,0.09,0.12,
Hugo Larsson,Fulham,,MID,0,4,0,0,,,,,,,,,,,,,,,,,,,,,,,,,,0,,,,0,,,,,,,0,,0,,0,0,0,,0,,,,,22,0,0.00,0.00,
Tim Iroegbunam,Hull City,,MID,0,4,0,0,,,,,,,,,,,,,,,,,,,,,,,,,,0,,,,0,,,,,,,0,,0,,0,0,0,,0,,,,,23,0,0.00,0.00,
John Egan,Hull City,,DEF,2,180,0,0,,,,,,,,,,,,,,,,,,,,,,,,,,2,,,,2,,,,,,,0,,0,,0,0,0,,0,,,,,33,2,0.00,0.00,
Semi Ajayi,Hull City,,DEF,2,153,1,0,,,,,,,,,,,,,,,,,,,,,,,,,,2,,,,2,,,,,,,0,,0,,0,0,0,,0,,,,,32,2,0.52,0.00,
Lewie Coyle,Hull City,,DEF,2,114,0,0,,,,,,,,,,,,,,,,,,,,,,,,,,1,,,,1,,,,,,,0,,0,,1,0,0,,0,,,,,30,2,0.00,0.01,
Cody Drameh,Hull City,,DEF,0,65,0,0,,,,,,,,,,,,,,,,,,,,,,,,,,0,,,,1,,,,,,,0,,0,,0,0,0,,0,,,,,24,0,0.05,0.00,
Ryan Giles,Hull City,,DEF,2,174,0,0,,,,,,,,,,,,,,,,,,,,,,,,,,2,,,,2,,,,,,,0,,0,,0,0,0,,0,,,,,26,2,0.02,0.14,
Paddy McNair,Hull City,,DEF,0,26,0,0,,,,,,,,,,,,,,,,,,,,,,,,,,0,,,,0,,,,,,,0,,0,,0,0,0,,0,,,,,31,0,0.00,0.00,
Mohamed Belloumi,Hull City,,MID,2,172,0,1,,,,,,,,,,,,,,,,,,,,,,,,,,2,,,,6,,,,,,,0,,0,,0,0,0,,0,,,,,24,2,0.17,0.05,
Liam Millar,Hull City,,MID,0,50,1,0,,,,,,,,,,,,,,,,,,,,,,,,,,0,,,,1,,,,,,,0,,0,,1,0,0,,0,,,,,26,0,0.58,0.00,
Matt Crooks,Hull City,,MID,1,90,0,0,,,,,,,,,,,,,,,,,,,,,,,,,,1,,,,4,,,,,,,0,,0,,1,0,0,,0,,,,,32,1,0.00,0.00,
Regan Slater,Hull City,,MID,2,180,0,1,,,,,,,,,,,,,,,,,,,,,,,,,,2,,,,5,,,,,,,0,,0,,1,0,0,,0,,,,,26,2,0.00,0.45,
Oli McBurnie,Hull City,,FWD,2,180,0,1,,,,,,,,,,,,,,,,,,,,,,,,,,2,,,,0,,,,,,,0,,0,,1,0,0,,0,,,,,30,2,0.16,0.02,
Matt Targett,Hull City,,DEF,0,5,0,0,,,,,,,,,,,,,,,,,,,,,,,,,,0,,,,0,,,,,,,0,,0,,0,0,0,,0,,,,,30,0,0.00,0.00,
Hidemasa Morita,Hull City,,MID,1,45,0,0,,,,,,,,,,,,,,,,,,,,,,,,,,0,,,,0,,,,,,,0,,0,,0,0,0,,0,,,,,31,1,0.00,0.00,
Konstantinos Tzolakis,Hull City,,GKP,2,180,0,0,,,,,,,,,,,,,,,,,,,,,,,,,,2,,,,0,,,,,,,0,,0,,0,0,8,,0,,,,,23,2,0.00,0.00,
Elliot Stroud,Hull City,,MID,2,128,0,0,,,,,,,,,,,,,,,,,,,,,,,,,,1,,,,3,,,,,,,0,,0,,1,0,0,,0,,,,,24,2,0.01,0.04,
Lucas Herrington,Hull City,,DEF,0,57,0,0,,,,,,,,,,,,,,,,,,,,,,,,,,0,,,,0,,,,,,,0,,0,,0,0,0,,0,,,,,19,0,0.00,0.00,
Nobel Mendy,Hull City,,DEF,2,121,1,0,,,,,,,,,,,,,,,,,,,,,,,,,,1,,,,2,,,,,,,0,,0,,0,0,0,,0,,,,,22,2,0.29,0.00,
Lucas Gourna-Douath,Hull City,,MID,0,45,0,0,,,,,,,,,,,,,,,,,,,,,,,,,,0,,,,3,,,,,,,0,,0,,0,0,0,,0,,,,,23,0,0.00,0.01,
Mohamed-Ali Cho,Hull City,,MID,0,7,0,0,,,,,,,,,,,,,,,,,,,,,,,,,,0,,,,0,,,,,,,0,,0,,0,0,0,,0,,,,,22,0,0.00,0.00,
Issa Diop,Ipswich Town,,DEF,3,270,0,0,,,,,,,,,,,,,,,,,,,,,,,,,,0,,,,3,,,,,,,8,,0,,0,0,0,,0,,,,,29,3,0.00,0.02,
Saša Lukić,Ipswich Town,,MID,3,252,0,1,,,,,,,,,,,,,,,,,,,,,,,,,,0,,,,5,,,,,,,7,,0,,1,0,0,,0,,,,,30,3,0.02,0.06,
Dara O'Shea,Ipswich Town,,DEF,3,270,0,0,,,,,,,,,,,,,,,,,,,,,,,,,,0,,,,5,,,,,,,8,,0,,0,0,0,,0,,,,,27,3,0.07,0.18,
Leif Davis,Ipswich Town,,DEF,3,270,1,0,,,,,,,,,,,,,,,,,,,,,,,,,,0,,,,2,,,,,,,8,,0,,0,0,0,,0,,,,,26,3,0.65,0.25,
Jacob Greaves,Ipswich Town,,DEF,3,270,0,0,,,,,,,,,,,,,,,,,,,,,,,,,,0,,,,5,,,,,,,8,,1,,1,0,0,,0,,,,,25,3,0.00,0.05,
Darnell Furlong,Ipswich Town,,DEF,0,17,0,0,,,,,,,,,,,,,,,,,,,,,,,,,,0,,,,1,,,,,,,1,,0,,0,0,0,,0,,,,,30,0,0.00,0.00,
Marcelino Núñez,Ipswich Town,,MID,2,140,0,0,,,,,,,,,,,,,,,,,,,,,,,,,,0,,,,3,,,,,,,4,,0,,0,0,0,,0,,,,,26,2,0.03,0.05,
Jack Clarke,Ipswich Town,,MID,0,43,1,0,,,,,,,,,,,,,,,,,,,,,,,,,,0,,,,1,,,,,,,0,,0,,0,0,0,,0,,,,,25,0,0.15,0.02,
Abdul Fatawu,Ipswich Town,,MID,3,225,0,1,,,,,,,,,,,,,,,,,,,,,,,,,,0,,,,7,,,,,,,8,,0,,1,0,0,,0,,,,,22,3,0.03,0.78,
Emersonn Correia da Silva,Ipswich Town,,FWD,3,175,1,0,,,,,,,,,,,,,,,,,,,,,,,,,,0,,,,2,,,,,,,4,,0,,0,0,0,,0,,,,,22,3,1.04,0.06,
Chuba Akpom,Ipswich Town,,FWD,0,69,1,0,,,,,,,,,,,,,,,,,,,,,,,,,,0,,,,1,,,,,,,4,,0,,0,0,0,,0,,,,,30,0,0.97,0.00,
Sindre Walle Egeli,Ipswich Town,,FWD,0,10,0,0,,,,,,,,,,,,,,,,,,,,,,,,,,0,,,,0,,,,,,,0,,0,,0,0,0,,0,,,,,20,0,0.00,0.00,
Kasey McAteer,Ipswich Town,,MID,0,42,0,0,,,,,,,,,,,,,,,,,,,,,,,,,,0,,,,1,,,,,,,0,,0,,0,0,0,,0,,,,,24,0,0.05,0.00,
Daizen Maeda,Ipswich Town,,MID,3,216,0,0,,,,,,,,,,,,,,,,,,,,,,,,,,0,,,,7,,,,,,,7,,0,,0,0,0,,0,,,,,28,3,0.71,0.01,
Kjell Scherpen,Ipswich Town,,GKP,3,270,0,0,,,,,,,,,,,,,,,,,,,,,,,,,,0,,,,0,,,,,,,8,,0,,0,0,13,,0,,,,,26,3,0.00,0.01,
Julio Enciso,Ipswich Town,,MID,3,250,0,2,,,,,,,,,,,,,,,,,,,,,,,,,,0,,,,2,,,,,,,8,,0,,1,0,0,,0,,,,,22,3,0.87,0.64,
Abdoul Ouattara,Ipswich Town,,DEF,0,39,0,0,,,,,,,,,,,,,,,,,,,,,,,,,,0,,,,0,,,,,,,1,,0,,0,0,0,,0,,,,,20,0,0.00,0.02,
Exequiel Palacios,Ipswich Town,,MID,1,105,0,0,,,,,,,,,,,,,,,,,,,,,,,,,,0,,,,5,,,,,,,4,,0,,0,0,0,,0,,,,,27,1,0.00,0.03,
Zian Flemming,Ipswich Town,,FWD,0,24,0,0,,,,,,,,,,,,,,,,,,,,,,,,,,0,,,,0,,,,,,,0,,0,,0,0,0,,0,,,,,28,0,0.02,0.01,
Harry Wilson,Leeds United,,MID,1,122,0,0,,,,,,,,,,,,,,,,,,,,,,,,,,1,,,,3,,,,,,,0,,0,,1,0,0,,0,,,,,29,1,0.01,0.06,
Jaka Bijol,Leeds United,,DEF,2,159,0,0,,,,,,,,,,,,,,,,,,,,,,,,,,1,,,,2,,,,,,,2,,0,,0,0,0,,0,,,,,27,2,0.11,0.00,
Joe Rodon,Leeds United,,DEF,2,123,0,0,,,,,,,,,,,,,,,,,,,,,,,,,,1,,,,1,,,,,,,0,,0,,0,0,0,,0,,,,,28,2,0.03,0.06,
Jayden Bogle,Leeds United,,DEF,3,217,1,0,,,,,,,,,,,,,,,,,,,,,,,,,,2,,,,3,,,,,,,1,,0,,1,0,0,,0,,,,,26,3,0.90,0.03,
Gabriel Gudmundsson,Leeds United,,DEF,1,85,0,0,,,,,,,,,,,,,,,,,,,,,,,,,,0,,,,3,,,,,,,1,,0,,0,0,0,,0,,,,,27,1,0.00,0.00,
James Justin,Leeds United,,DEF,3,265,0,0,,,,,,,,,,,,,,,,,,,,,,,,,,1,,,,11,,,,,,,2,,0,,0,0,0,,0,,,,,28,3,0.16,0.02,
Tarik Muharemović,Leeds United,,DEF,3,265,0,0,,,,,,,,,,,,,,,,,,,,,,,,,,1,,,,3,,,,,,,2,,0,,0,0,0,,0,,,,,23,3,0.09,0.02,
Anton Stach,Leeds United,,MID,3,265,1,0,,,,,,,,,,,,,,,,,,,,,,,,,,1,,,,9,,,,,,,2,,0,,0,0,0,,0,,,,,27,3,0.49,0.13,
Noah Okafor,Leeds United,,MID,2,153,0,0,,,,,,,,,,,,,,,,,,,,,,,,,,1,,,,3,,,,,,,1,,0,,0,0,0,,0,,,,,26,2,0.08,0.18,
Brenden Aaronson,Leeds United,,MID,2,149,0,0,,,,,,,,,,,,,,,,,,,,,,,,,,1,,,,2,,,,,,,2,,0,,0,0,0,,0,,,,,25,2,0.01,0.02,
Ethan Ampadu,Leeds United,,MID,3,265,0,0,,,,,,,,,,,,,,,,,,,,,,,,,,1,,,,8,,,,,,,2,,0,,0,0,0,,0,,,,,25,3,0.01,0.14,
Sean Longstaff,Leeds United,,MID,0,8,0,0,,,,,,,,,,,,,,,,,,,,,,,,,,0,,,,0,,,,,,,0,,0,,0,0,0,,0,,,,,28,0,0.00,0.00,
Daniel James,Leeds United,,MID,0,22,0,0,,,,,,,,,,,,,,,,,,,,,,,,,,0,,,,0,,,,,,,0,,0,,0,0,0,,0,,,,,28,0,0.24,0.01,
Tanaka Ao,Leeds United,,MID,1,117,0,1,,,,,,,,,,,,,,,,,,,,,,,,,,0,,,,5,,,,,,,1,,0,,0,0,0,,0,,,,,27,1,0.53,0.02,
Dominic Calvert-Lewin,Leeds United,,FWD,3,252,1,0,,,,,,,,,,,,,,,,,,,,,,,,,,1,,,,0,,,,,,,2,,0,,2,0,0,,0,,,,,29,3,1.88,0.08,
Lukas Nmecha,Leeds United,,FWD,0,33,0,1,,,,,,,,,,,,,,,,,,,,,,,,,,0,,,,0,,,,,,,0,,0,,0,0,0,,0,,,,,27,0,0.17,0.14,
James Trafford,Leeds United,,GKP,3,265,0,0,,,,,,,,,,,,,,,,,,,,,,,,,,1,,,,0,,,,,,,2,,0,,0,0,11,,0,,,,,23,3,0.00,0.00,
Nico Elvedi,Leeds United,,DEF,1,141,0,0,,,,,,,,,,,,,,,,,,,,,,,,,,0,,,,1,,,,,,,2,,0,,0,0,0,,0,,,,,29,1,0.00,0.43,
Alisson Becker,Liverpool,,GKP,3,270,0,0,,,,,,,,,,,,,,,,,,,,,,,,,,1,,,,0,,,,,,,4,,0,,1,0,9,,0,,,,,33,3,0.00,0.00,
Virgil van Dijk,Liverpool,,DEF,3,270,0,0,,,,,,,,,,,,,,,,,,,,,,,,,,1,,,,5,,,,,,,4,,0,,1,0,0,,0,,,,,35,3,0.25,0.06,
Jeremie Frimpong,Liverpool,,DEF,2,160,0,0,,,,,,,,,,,,,,,,,,,,,,,,,,0,,,,3,,,,,,,4,,0,,1,0,0,,0,,,,,25,2,0.01,0.11,
Milos Kerkez,Liverpool,,DEF,3,250,0,0,,,,,,,,,,,,,,,,,,,,,,,,,,1,,,,6,,,,,,,4,,0,,2,0,0,,0,,,,,22,3,0.02,0.06,
Jeremy Jacquet,Liverpool,,DEF,3,235,0,0,,,,,,,,,,,,,,,,,,,,,,,,,,1,,,,7,,,,,,,4,,0,,1,0,0,,0,,,,,21,3,0.00,0.10,
Kostas Tsimikas,Liverpool,,DEF,0,19,0,0,,,,,,,,,,,,,,,,,,,,,,,,,,0,,,,0,,,,,,,0,,0,,0,0,0,,0,,,,,30,0,0.04,0.01,
Florian Wirtz,Liverpool,,MID,3,242,0,1,,,,,,,,,,,,,,,,,,,,,,,,,,1,,,,4,,,,,,,4,,0,,1,0,0,,0,,,,,23,3,0.67,0.29,
Cody Gakpo,Liverpool,,MID,3,250,1,3,,,,,,,,,,,,,,,,,,,,,,,,,,1,,,,6,,,,,,,4,,0,,0,0,0,,0,,,,,27,3,0.36,1.20,
Dominik Szoboszlai,Liverpool,,MID,3,270,1,0,,,,,,,,,,,,,,,,,,,,,,,,,,1,,,,4,,,,,,,4,,0,,0,0,0,,0,,,,,25,3,1.17,0.52,
Rio Ngumoha,Liverpool,,MID,1,81,0,0,,,,,,,,,,,,,,,,,,,,,,,,,,0,,,,1,,,,,,,2,,0,,0,0,0,,0,,,,,18,1,0.04,0.05,
Ryan Gravenberch,Liverpool,,MID,1,122,0,1,,,,,,,,,,,,,,,,,,,,,,,,,,0,,,,2,,,,,,,2,,0,,0,0,0,,0,,,,,24,1,0.06,0.06,
Alexis Mac Allister,Liverpool,,MID,2,186,0,0,,,,,,,,,,,,,,,,,,,,,,,,,,1,,,,8,,,,,,,2,,0,,1,0,0,,0,,,,,27,2,0.08,0.42,
Trey Nyoni,Liverpool,,MID,0,19,0,0,,,,,,,,,,,,,,,,,,,,,,,,,,0,,,,2,,,,,,,0,,0,,0,0,0,,0,,,,,19,0,0.00,0.00,
Victor Munoz,Liverpool,,MID,2,180,1,1,,,,,,,,,,,,,,,,,,,,,,,,,,1,,,,2,,,,,,,2,,0,,1,0,0,,0,,,,,23,2,0.42,0.25,
Alexander Isak,Liverpool,,FWD,3,243,3,0,,,,,,,,,,,,,,,,,,,,,,,,,,1,,,,1,,,,,,,4,,0,,0,0,0,,0,,,,,26,3,2.29,0.06,
Lewis Koumas,Liverpool,,MID,0,13,0,0,,,,,,,,,,,,,,,,,,,,,,,,,,0,,,,0,,,,,,,0,,0,,0,0,0,,0,,,,,20,0,0.03,0.00,
Ronald Araujo,Liverpool,,DEF,1,123,0,0,,,,,,,,,,,,,,,,,,,,,,,,,,1,,,,2,,,,,,,0,,0,,1,0,0,,0,,,,,27,1,0.00,0.05,
Bradley Barcola,Liverpool,,MID,0,26,0,0,,,,,,,,,,,,,,,,,,,,,,,,,,0,,,,0,,,,,,,0,,0,,0,0,0,,0,,,,,24,0,0.00,0.07,
Enzo Fernández,Manchester City,,MID,1,100,0,0,,,,,,,,,,,,,,,,,,,,,,,,,,1,,,,1,,,,,,,0,,0,,0,0,0,,0,,,,,25,1,0.09,0.14,
Iliman Ndiaye,Manchester City,,MID,3,267,0,1,,,,,,,,,,,,,,,,,,,,,,,,,,2,,,,7,,,,,,,1,,0,,0,0,0,,0,,,,,26,3,0.29,0.43,
Gianluigi Donnarumma,Manchester City,,GKP,3,267,0,0,,,,,,,,,,,,,,,,,,,,,,,,,,1,,,,0,,,,,,,2,,1,,0,0,7,,0,,,,,27,3,0.00,0.00,
Nico O'Reilly,Manchester City,,DEF,2,150,0,0,,,,,,,,,,,,,,,,,,,,,,,,,,0,,,,2,,,,,,,2,,0,,0,0,0,,0,,,,,21,2,0.09,0.43,
Marc Guéhi,Manchester City,,DEF,3,267,1,0,,,,,,,,,,,,,,,,,,,,,,,,,,1,,,,3,,,,,,,2,,0,,0,0,0,,0,,,,,26,3,0.89,0.38,
Matheus Nunes,Manchester City,,DEF,0,33,0,0,,,,,,,,,,,,,,,,,,,,,,,,,,0,,,,0,,,,,,,0,,0,,0,0,0,,0,,,,,28,0,0.00,0.04,
Rúben dos Santos Gato Alves Dias,Manchester City,,DEF,3,267,0,0,,,,,,,,,,,,,,,,,,,,,,,,,,1,,,,1,,,,,,,2,,0,,0,0,0,,0,,,,,29,3,0.09,0.74,
Joško Gvardiol,Manchester City,,DEF,3,251,1,1,,,,,,,,,,,,,,,,,,,,,,,,,,1,,,,7,,,,,,,2,,0,,0,0,0,,0,,,,,24,3,0.20,0.11,
Abdukodir Khusanov,Manchester City,,DEF,3,265,0,0,,,,,,,,,,,,,,,,,,,,,,,,,,1,,,,7,,,,,,,2,,0,,0,0,0,,0,,,,,22,3,0.00,0.06,
Rico Lewis,Manchester City,,DEF,1,56,0,0,,,,,,,,,,,,,,,,,,,,,,,,,,0,,,,0,,,,,,,1,,0,,0,0,0,,0,,,,,21,1,0.17,0.02,
Vitor de Oliveira Nunes dos Reis,Manchester City,,DEF,0,1,0,0,,,,,,,,,,,,,,,,,,,,,,,,,,0,,,,0,,,,,,,0,,0,,0,0,0,,0,,,,,20,0,0.00,0.00,
Antoine Semenyo,Manchester City,,MID,3,267,0,2,,,,,,,,,,,,,,,,,,,,,,,,,,1,,,,3,,,,,,,2,,0,,0,0,0,,0,,,,,26,3,0.17,0.93,
Phil Foden,Manchester City,,MID,2,192,0,2,,,,,,,,,,,,,,,,,,,,,,,,,,0,,,,4,,,,,,,2,,0,,1,0,0,,0,,,,,26,2,1.49,0.86,
Rayan Cherki,Manchester City,,MID,2,173,2,2,,,,,,,,,,,,,,,,,,,,,,,,,,1,,,,0,,,,,,,1,,0,,1,0,0,,0,,,,,23,2,0.56,1.35,
Mateo Kovačić,Manchester City,,MID,0,42,0,0,,,,,,,,,,,,,,,,,,,,,,,,,,0,,,,0,,,,,,,0,,0,,0,0,0,,0,,,,,32,0,0.00,0.02,
Erling Haaland,Manchester City,,FWD,3,267,3,0,,,,,,,,,,,,,,,,,,,,,,,,,,1,,,,0,,,,,,,2,,0,,0,0,0,,0,,,,,26,3,2.30,0.34,
Elliot Anderson,Manchester City,,MID,3,230,0,0,,,,,,,,,,,,,,,,,,,,,,,,,,1,,,,9,,,,,,,2,,0,,1,0,0,,0,,,,,23,3,0.09,0.64,
Ayyoub Bouaddi,Manchester City,,MID,0,19,0,0,,,,,,,,,,,,,,,,,,,,,,,,,,0,,,,0,,,,,,,0,,0,,0,0,0,,0,,,,,18,0,0.00,0.12,
Ryan McAidoo,Manchester City,,MID,0,8,0,0,,,,,,,,,,,,,,,,,,,,,,,,,,0,,,,0,,,,,,,0,,0,,0,0,0,,0,,,,,18,0,0.10,0.00,
Kaden Braithwaite,Manchester City,,DEF,0,1,0,0,,,,,,,,,,,,,,,,,,,,,,,,,,0,,,,0,,,,,,,0,,0,,0,0,0,,0,,,,,18,0,0.00,0.00,
Youri Tielemans,Manchester United,,MID,2,156,0,0,,,,,,,,,,,,,,,,,,,,,,,,,,0,,,,2,,,,,,,4,,0,,0,0,0,,0,,,,,29,2,0.51,0.22,
Andrey Nascimento dos Santos,Manchester United,,MID,1,76,0,0,,,,,,,,,,,,,,,,,,,,,,,,,,0,,,,4,,,,,,,3,,0,,0,0,0,,0,,,,,22,1,0.00,0.23,
Senne Lammens,Manchester United,,GKP,2,180,0,0,,,,,,,,,,,,,,,,,,,,,,,,,,0,,,,0,,,,,,,4,,0,,0,0,5,,0,,,,,24,2,0.00,0.00,
Patrick Dorgu,Manchester United,,MID,1,55,0,0,,,,,,,,,,,,,,,,,,,,,,,,,,0,,,,1,,,,,,,3,,0,,1,0,0,,0,,,,,21,1,0.65,0.04,
Diogo Dalot Teixeira,Manchester United,,DEF,1,83,0,0,,,,,,,,,,,,,,,,,,,,,,,,,,0,,,,2,,,,,,,1,,0,,0,0,0,,0,,,,,27,1,0.15,0.12,
Harry Maguire,Manchester United,,DEF,2,180,0,1,,,,,,,,,,,,,,,,,,,,,,,,,,0,,,,1,,,,,,,4,,0,,0,0,0,,0,,,,,33,2,0.07,0.41,
Lisandro Martínez,Manchester United,,DEF,1,90,0,0,,,,,,,,,,,,,,,,,,,,,,,,,,0,,,,0,,,,,,,2,,0,,0,0,0,,0,,,,,28,1,0.03,0.06,
Leny Yoro,Manchester United,,DEF,0,16,0,0,,,,,,,,,,,,,,,,,,,,,,,,,,0,,,,0,,,,,,,1,,0,,0,0,0,,0,,,,,20,0,0.00,0.01,
Ayden Heaven,Manchester United,,DEF,1,90,0,0,,,,,,,,,,,,,,,,,,,,,,,,,,0,,,,1,,,,,,,2,,0,,0,0,0,,0,,,,,19,1,0.12,0.04,
Noussair Mazraoui,Manchester United,,DEF,1,96,0,0,,,,,,,,,,,,,,,,,,,,,,,,,,0,,,,1,,,,,,,3,,0,,0,0,0,,0,,,,,28,1,0.22,0.05,
Luke Shaw,Manchester United,,DEF,2,162,0,0,,,,,,,,,,,,,,,,,,,,,,,,,,0,,,,5,,,,,,,3,,0,,0,0,0,,0,,,,,31,2,0.00,0.28,
Bruno Borges Fernandes,Manchester United,,MID,2,180,3,1,,,,,,,,,,,,,,,,,,,,,,,,,,0,,,,2,,,,,,,4,,0,,0,0,0,,0,,,,,31,2,2.10,0.74,
Bryan Mbeumo,Manchester United,,MID,2,180,1,1,,,,,,,,,,,,,,,,,,,,,,,,,,0,,,,3,,,,,,,4,,0,,1,0,0,,0,,,,,27,2,2.26,0.44,
Matheus Santos Carneiro da Cunha,Manchester United,,MID,2,158,0,2,,,,,,,,,,,,,,,,,,,,,,,,,,0,,,,0,,,,,,,3,,0,,0,0,0,,0,,,,,27,2,0.35,0.36,
Marcus Rashford,Manchester United,,MID,1,124,0,0,,,,,,,,,,,,,,,,,,,,,,,,,,0,,,,3,,,,,,,1,,0,,0,0,0,,0,,,,,28,1,0.26,0.15,
Kobbie Mainoo,Manchester United,,MID,1,102,0,0,,,,,,,,,,,,,,,,,,,,,,,,,,0,,,,3,,,,,,,1,,0,,0,0,0,,0,,,,,21,1,0.21,0.28,
Shea Lacey,Manchester United,,MID,0,10,0,0,,,,,,,,,,,,,,,,,,,,,,,,,,0,,,,0,,,,,,,0,,0,,0,0,0,,0,,,,,19,0,0.00,0.00,
Benjamin Sesko,Manchester United,,FWD,0,33,0,0,,,,,,,,,,,,,,,,,,,,,,,,,,0,,,,0,,,,,,,1,,0,,0,0,0,,0,,,,,23,0,0.04,0.01,
Nico González Iglesias,Newcastle,,MID,2,146,0,0,,,,,,,,,,,,,,,,,,,,,,,,,,1,,,,0,,,,,,,2,,0,,1,0,0,,0,,,,,24,2,0.00,0.21,
Malick Thiaw,Newcastle,,DEF,3,270,0,0,,,,,,,,,,,,,,,,,,,,,,,,,,1,,,,0,,,,,,,4,,1,,0,0,0,,0,,,,,25,3,0.00,0.10,
Fabian Schär,Newcastle,,DEF,0,1,0,0,,,,,,,,,,,,,,,,,,,,,,,,,,0,,,,0,,,,,,,1,,0,,0,0,0,,0,,,,,34,0,0.00,0.00,
Sven Botman,Newcastle,,DEF,3,270,0,0,,,,,,,,,,,,,,,,,,,,,,,,,,1,,,,2,,,,,,,4,,0,,1,0,0,,0,,,,,26,3,0.01,0.17,
Lewis Hall,Newcastle,,DEF,3,269,0,1,,,,,,,,,,,,,,,,,,,,,,,,,,1,,,,8,,,,,,,4,,0,,0,0,0,,0,,,,,21,3,0.04,0.67,
Tino Livramento,Newcastle,,DEF,0,1,0,0,,,,,,,,,,,,,,,,,,,,,,,,,,0,,,,0,,,,,,,0,,0,,0,0,0,,0,,,,,23,0,0.00,0.00,
Harvey Barnes,Newcastle,,MID,3,270,1,1,,,,,,,,,,,,,,,,,,,,,,,,,,1,,,,3,,,,,,,4,,0,,0,0,0,,0,,,,,28,3,0.23,0.06,
Anthony Elanga,Newcastle,,MID,3,233,2,0,,,,,,,,,,,,,,,,,,,,,,,,,,1,,,,4,,,,,,,3,,0,,1,0,0,,0,,,,,24,3,0.42,0.34,
Jacob Ramsey,Newcastle,,MID,0,69,1,0,,,,,,,,,,,,,,,,,,,,,,,,,,0,,,,2,,,,,,,1,,0,,1,0,0,,0,,,,,25,0,0.14,0.16,
Jacob Murphy,Newcastle,,MID,0,34,0,0,,,,,,,,,,,,,,,,,,,,,,,,,,0,,,,1,,,,,,,1,,0,,1,0,0,,0,,,,,31,0,0.00,0.20,
Lewis Miley,Newcastle,,MID,3,227,0,0,,,,,,,,,,,,,,,,,,,,,,,,,,1,,,,1,,,,,,,3,,0,,1,0,0,,0,,,,,20,3,0.05,0.07,
Joe Willock,Newcastle,,MID,2,166,1,0,,,,,,,,,,,,,,,,,,,,,,,,,,1,,,,3,,,,,,,3,,0,,0,0,0,,0,,,,,27,2,0.51,0.20,
Bazoumana Touré,Newcastle,,MID,0,1,0,0,,,,,,,,,,,,,,,,,,,,,,,,,,0,,,,0,,,,,,,0,,0,,0,0,0,,0,,,,,20,0,0.00,0.00,
Sean Steur,Newcastle,,MID,1,87,0,0,,,,,,,,,,,,,,,,,,,,,,,,,,0,,,,0,,,,,,,1,,0,,0,0,0,,0,,,,,18,1,0.00,0.00,
Nick Woltemade,Newcastle,,FWD,0,19,0,1,,,,,,,,,,,,,,,,,,,,,,,,,,0,,,,0,,,,,,,0,,0,,0,0,0,,0,,,,,24,0,0.02,0.01,
Yoane Wissa,Newcastle,,FWD,3,261,1,1,,,,,,,,,,,,,,,,,,,,,,,,,,1,,,,5,,,,,,,3,,0,,2,0,0,,0,,,,,30,3,1.35,0.05,
William Osula,Newcastle,,FWD,1,55,0,1,,,,,,,,,,,,,,,,,,,,,,,,,,0,,,,1,,,,,,,1,,0,,0,0,0,,0,,,,,23,1,0.06,0.14,
Aladji Bamba,Newcastle,,MID,0,14,0,0,,,,,,,,,,,,,,,,,,,,,,,,,,0,,,,1,,,,,,,1,,0,,0,0,0,,0,,,,,20,0,0.00,0.00,
Lukás Hornícek,Newcastle,,GKP,3,270,0,0,,,,,,,,,,,,,,,,,,,,,,,,,,1,,,,0,,,,,,,4,,0,,1,0,13,,0,,,,,24,3,0.00,0.00,
Amar Dedic,Newcastle,,DEF,3,270,0,1,,,,,,,,,,,,,,,,,,,,,,,,,,1,,,,5,,,,,,,4,,0,,0,0,0,,0,,,,,24,3,0.13,0.08,
Matias Fernandez-Pardo,Newcastle,,FWD,0,27,0,0,,,,,,,,,,,,,,,,,,,,,,,,,,0,,,,0,,,,,,,0,,0,,0,0,0,,0,,,,,21,0,0.00,0.00,
Liam Delap,Nottingham Forest,,FWD,1,97,0,0,,,,,,,,,,,,,,,,,,,,,,,,,,1,,,,0,,,,,,,1,,0,,0,0,0,,0,,,,,23,1,0.11,0.06,
Daniel Muñoz Mejía,Nottingham Forest,,DEF,1,81,0,0,,,,,,,,,,,,,,,,,,,,,,,,,,0,,,,2,,,,,,,2,,0,,0,0,0,,0,,,,,30,1,0.26,0.01,
Matz Sels,Nottingham Forest,,GKP,3,266,0,0,,,,,,,,,,,,,,,,,,,,,,,,,,1,,,,0,,,,,,,3,,0,,0,0,4,,0,,,,,34,3,0.00,0.01,
Neco Williams,Nottingham Forest,,DEF,3,266,0,1,,,,,,,,,,,,,,,,,,,,,,,,,,1,,,,12,,,,,,,3,,0,,0,0,0,,0,,,,,25,3,0.12,0.21,
Nikola Milenković,Nottingham Forest,,DEF,3,266,0,0,,,,,,,,,,,,,,,,,,,,,,,,,,1,,,,5,,,,,,,3,,0,,1,0,0,,0,,,,,28,3,0.11,0.03,
Murillo Costa dos Santos,Nottingham Forest,,DEF,3,266,0,0,,,,,,,,,,,,,,,,,,,,,,,,,,1,,,,6,,,,,,,3,,0,,0,0,0,,0,,,,,24,3,0.30,0.28,
Ola Aina,Nottingham Forest,,DEF,3,216,0,0,,,,,,,,,,,,,,,,,,,,,,,,,,1,,,,7,,,,,,,2,,0,,2,0,0,,0,,,,,29,3,0.04,0.52,
Jair Paula da Cunha Filho,Nottingham Forest,,DEF,3,266,0,0,,,,,,,,,,,,,,,,,,,,,,,,,,1,,,,5,,,,,,,3,,0,,1,0,0,,0,,,,,21,3,0.03,0.01,
Luca Netz,Nottingham Forest,,DEF,0,20,0,0,,,,,,,,,,,,,,,,,,,,,,,,,,0,,,,1,,,,,,,1,,0,,0,0,0,,0,,,,,23,0,0.00,0.00,
Morgan Gibbs-White,Nottingham Forest,,MID,3,266,1,1,,,,,,,,,,,,,,,,,,,,,,,,,,1,,,,4,,,,,,,3,,0,,0,0,0,,0,,,,,26,3,1.18,0.11,
Callum Hudson-Odoi,Nottingham Forest,,MID,0,1,0,0,,,,,,,,,,,,,,,,,,,,,,,,,,0,,,,0,,,,,,,0,,0,,0,0,0,,0,,,,,25,0,0.00,0.00,
Dan Ndoye,Nottingham Forest,,MID,3,184,1,0,,,,,,,,,,,,,,,,,,,,,,,,,,1,,,,3,,,,,,,1,,0,,0,0,0,,0,,,,,25,3,0.35,0.63,
James McAtee,Nottingham Forest,,MID,3,249,0,0,,,,,,,,,,,,,,,,,,,,,,,,,,2,,,,4,,,,,,,2,,0,,1,0,0,,0,,,,,23,3,0.12,0.40,
Nicolás Domínguez,Nottingham Forest,,MID,0,1,0,0,,,,,,,,,,,,,,,,,,,,,,,,,,0,,,,0,,,,,,,0,,0,,0,0,0,,0,,,,,28,0,0.00,0.00,
Ibrahim Sangaré,Nottingham Forest,,MID,1,90,0,0,,,,,,,,,,,,,,,,,,,,,,,,,,0,,,,0,,,,,,,1,,0,,0,0,0,,0,,,,,28,1,0.03,0.01,
Chris Wood,Nottingham Forest,,FWD,0,40,0,0,,,,,,,,,,,,,,,,,,,,,,,,,,0,,,,0,,,,,,,1,,0,,0,0,0,,0,,,,,34,0,0.12,0.01,
Igor Jesus Maciel da Cruz,Nottingham Forest,,FWD,2,207,0,0,,,,,,,,,,,,,,,,,,,,,,,,,,0,,,,2,,,,,,,3,,0,,1,0,0,,0,,,,,25,2,0.96,0.06,
Arnaud Kalimuendo,Nottingham Forest,,FWD,0,1,0,0,,,,,,,,,,,,,,,,,,,,,,,,,,0,,,,0,,,,,,,0,,0,,0,0,0,,0,,,,,24,0,0.00,0.00,
Xaver Schlager,Nottingham Forest,,MID,2,192,0,0,,,,,,,,,,,,,,,,,,,,,,,,,,1,,,,9,,,,,,,3,,0,,0,0,0,,0,,,,,28,2,0.08,0.06,
Jan Paul van Hecke,Tottenham,,DEF,3,266,0,0,,,,,,,,,,,,,,,,,,,,,,,,,,1,,,,5,,,,,,,5,,0,,0,0,0,,0,,,,,26,3,0.22,0.07,
Omar Marmoush,Tottenham,,FWD,2,173,0,0,,,,,,,,,,,,,,,,,,,,,,,,,,1,,,,1,,,,,,,2,,0,,0,0,0,,0,,,,,27,2,0.52,0.08,
Sávio Moreira de Oliveira,Tottenham,,MID,1,60,0,0,,,,,,,,,,,,,,,,,,,,,,,,,,1,,,,0,,,,,,,0,,0,,0,0,0,,0,,,,,22,1,0.02,0.27,
Sandro Tonali,Tottenham,,MID,3,250,0,0,,,,,,,,,,,,,,,,,,,,,,,,,,1,,,,6,,,,,,,5,,0,,0,0,0,,0,,,,,26,3,0.09,0.09,
Antonín Kinský,Tottenham,,GKP,3,266,0,0,,,,,,,,,,,,,,,,,,,,,,,,,,1,,,,0,,,,,,,5,,0,,0,0,6,,0,,,,,23,3,0.00,0.00,
Marcos Senesi Barón,Tottenham,,DEF,1,90,0,0,,,,,,,,,,,,,,,,,,,,,,,,,,0,,,,5,,,,,,,3,,0,,0,0,0,,0,,,,,29,1,0.00,0.02,
Pedro Porro Sauceda,Tottenham,,DEF,2,176,0,0,,,,,,,,,,,,,,,,,,,,,,,,,,1,,,,2,,,,,,,2,,0,,0,0,0,,0,,,,,26,2,0.35,0.20,
Andrew Robertson,Tottenham,,DEF,2,182,0,0,,,,,,,,,,,,,,,,,,,,,,,,,,0,,,,3,,,,,,,4,,0,,0,0,0,,0,,,,,32,2,0.06,0.08,
Micky van de Ven,Tottenham,,DEF,2,176,0,0,,,,,,,,,,,,,,,,,,,,,,,,,,1,,,,4,,,,,,,2,,0,,1,0,0,,0,,,,,25,2,0.87,0.02,
Destiny Udogie,Tottenham,,DEF,1,86,0,0,,,,,,,,,,,,,,,,,,,,,,,,,,1,,,,1,,,,,,,1,,0,,1,0,0,,0,,,,,23,1,0.00,0.23,
Mohammed Kudus,Tottenham,,MID,0,47,0,0,,,,,,,,,,,,,,,,,,,,,,,,,,0,,,,0,,,,,,,1,,0,,0,0,0,,0,,,,,26,0,0.04,0.01,
Mathys Tel,Tottenham,,MID,3,230,0,0,,,,,,,,,,,,,,,,,,,,,,,,,,1,,,,1,,,,,,,4,,0,,0,0,0,,0,,,,,21,3,0.20,0.14,
James Maddison,Tottenham,,MID,0,22,0,0,,,,,,,,,,,,,,,,,,,,,,,,,,0,,,,0,,,,,,,0,,0,,0,0,0,,0,,,,,29,0,0.00,0.01,
Rodrigo Bentancur,Tottenham,,MID,2,221,0,0,,,,,,,,,,,,,,,,,,,,,,,,,,1,,,,6,,,,,,,3,,0,,0,0,0,,0,,,,,29,2,0.05,0.04,
Conor Gallagher,Tottenham,,MID,2,128,0,0,,,,,,,,,,,,,,,,,,,,,,,,,,1,,,,4,,,,,,,2,,0,,1,0,0,,0,,,,,26,2,0.02,0.12,
Lucas Bergvall,Tottenham,,MID,1,45,0,0,,,,,,,,,,,,,,,,,,,,,,,,,,0,,,,1,,,,,,,2,,0,,0,0,0,,0,,,,,20,1,0.00,0.01,
Archie Gray,Tottenham,,MID,2,152,0,0,,,,,,,,,,,,,,,,,,,,,,,,,,0,,,,1,,,,,,,4,,0,,0,0,0,,0,,,,,20,2,0.00,0.01,
Mikey Moore,Tottenham,,MID,1,89,0,0,,,,,,,,,,,,,,,,,,,,,,,,,,0,,,,1,,,,,,,4,,0,,0,0,0,,0,,,,,19,1,0.40,0.02,
Mateus Fernandes,Tottenham,,MID,1,138,0,0,,,,,,,,,,,,,,,,,,,,,,,,,,0,,,,4,,,,,,,3,,0,,1,0,0,,0,,,,,22,1,0.01,0.23,
Dominic Solanke-Mitchell,Tottenham,,FWD,0,39,0,0,,,,,,,,,,,,,,,,,,,,,,,,,,0,,,,0,,,,,,,0,,0,,0,0,0,,0,,,,,28,0,0.27,0.00,
Richarlison de Andrade,Tottenham,,FWD,1,67,0,0,,,,,,,,,,,,,,,,,,,,,,,,,,0,,,,0,,,,,,,3,,0,,0,0,0,,0,,,,,29,1,0.00,0.00,
Mykhailo Mudryk,Tottenham,,MID,0,12,0,0,,,,,,,,,,,,,,,,,,,,,,,,,,0,,,,0,,,,,,,0,,0,,0,0,0,,0,,,,,25,0,0.00,0.00,
Kevin Danso,Sunderland,,DEF,1,78,0,0,,,,,,,,,,,,,,,,,,,,,,,,,,0,,,,1,,,,,,,1,,0,,0,0,0,,0,,,,,27,1,0.00,0.04,
Robin Roefs,Sunderland,,GKP,3,258,0,0,,,,,,,,,,,,,,,,,,,,,,,,,,1,,,,0,,,,,,,3,,0,,0,0,2,,0,,,,,23,3,0.00,0.00,
Daniel Ballard,Sunderland,,DEF,3,258,0,0,,,,,,,,,,,,,,,,,,,,,,,,,,1,,,,5,,,,,,,3,,0,,1,0,0,,0,,,,,26,3,0.03,0.16,
Nordi Mukiele,Sunderland,,DEF,2,168,0,0,,,,,,,,,,,,,,,,,,,,,,,,,,1,,,,6,,,,,,,1,,0,,0,0,0,,0,,,,,28,2,0.00,0.03,
Trai Hume,Sunderland,,DEF,2,183,0,0,,,,,,,,,,,,,,,,,,,,,,,,,,1,,,,8,,,,,,,1,,0,,0,0,0,,0,,,,,24,2,0.04,0.28,
Omar Alderete,Sunderland,,DEF,0,23,0,0,,,,,,,,,,,,,,,,,,,,,,,,,,0,,,,0,,,,,,,1,,0,,0,0,0,,0,,,,,29,0,0.00,0.01,
Reinildo Mandava,Sunderland,,DEF,3,258,0,0,,,,,,,,,,,,,,,,,,,,,,,,,,1,,,,7,,,,,,,3,,0,,0,0,0,,0,,,,,32,3,0.00,0.31,
Luke O'Nien,Sunderland,,DEF,1,66,0,0,,,,,,,,,,,,,,,,,,,,,,,,,,0,,,,1,,,,,,,1,,0,,1,0,0,,0,,,,,31,1,0.01,0.01,
Thomas Meunier,Sunderland,,DEF,3,243,0,0,,,,,,,,,,,,,,,,,,,,,,,,,,1,,,,2,,,,,,,3,,0,,0,0,0,,0,,,,,34,3,0.24,0.13,
Enzo Le Fée,Sunderland,,MID,3,246,0,0,,,,,,,,,,,,,,,,,,,,,,,,,,1,,,,6,,,,,,,2,,0,,0,0,0,,0,,,,,26,3,0.43,0.25,
Habib Diarra,Sunderland,,MID,0,28,0,1,,,,,,,,,,,,,,,,,,,,,,,,,,0,,,,0,,,,,,,1,,0,,0,0,0,,0,,,,,22,0,0.03,0.16,
Granit Xhaka,Sunderland,,MID,3,258,0,1,,,,,,,,,,,,,,,,,,,,,,,,,,1,,,,4,,,,,,,3,,0,,0,0,0,,0,,,,,33,3,0.05,0.57,
Noah Sadiki,Sunderland,,MID,3,253,0,0,,,,,,,,,,,,,,,,,,,,,,,,,,1,,,,3,,,,,,,3,,0,,1,0,0,,0,,,,,21,3,0.47,0.22,
Romaine Mundle,Sunderland,,MID,0,1,0,0,,,,,,,,,,,,,,,,,,,,,,,,,,0,,,,0,,,,,,,0,,0,,0,0,0,,0,,,,,23,0,0.17,0.00,
Chris Rigg,Sunderland,,MID,0,17,0,0,,,,,,,,,,,,,,,,,,,,,,,,,,0,,,,0,,,,,,,1,,0,,0,0,0,,0,,,,,19,0,0.00,0.00,
Chemsdine Talbi,Sunderland,,MID,0,31,0,0,,,,,,,,,,,,,,,,,,,,,,,,,,0,,,,0,,,,,,,1,,0,,0,0,0,,0,,,,,21,0,0.00,0.00,
Nilson Angulo,Sunderland,,MID,3,185,1,0,,,,,,,,,,,,,,,,,,,,,,,,,,1,,,,4,,,,,,,2,,0,,1,0,0,,0,,,,,23,3,0.15,0.12,
Brian Brobbey,Sunderland,,FWD,3,207,0,0,,,,,,,,,,,,,,,,,,,,,,,,,,1,,,,0,,,,,,,2,,0,,0,0,0,,0,,,,,24,3,0.56,0.06,
Wilson Isidor,Sunderland,,FWD,0,63,1,0,,,,,,,,,,,,,,,,,,,,,,,,,,0,,,,0,,,,,,,1,,0,,0,0,0,,0,,,,,26,0,1.41,0.01,
Malick Fofana,Sunderland,,MID,0,4,0,0,,,,,,,,,,,,,,,,,,,,,,,,,,0,,,,0,,,,,,,0,,0,,0,0,0,,0,,,,,21,0,0.00,0.00,